,0
forecheck_turnover_index_z_l10_home,0.032023335346636636
forecheck_turnover_index_z_l10_away,0.029663902330424912
total_pressure_index_z_l10_home,0.0251971645728508
total_pressure_index_z_l10_away,0.04017672415356817
win_l10_home,0.03406119193529947
win_l10_away,0.0544542121033482
corsiPercentage_l10_home,0.1598598333240721
corsiPercentage_l10_away,0.15591772292245987
save_percentage_l10_home,0.05632904646915815
save_percentage_l10_away,0.057434057169650075
xGoalsPercentage_l10_home,0.11337850373131855
xGoalsPercentage_l10_away,0.10596363757292655
powerplay_goals_per60_l10_home,0.03910861157184138
powerplay_goals_per60_l10_away,0.042967064735806845
penaltykill_goals_against_per60_l10_home,0.03321905103197428
penaltykill_goals_against_per60_l10_away,0.020245941028664016
