model,dataset,features,accuracy,auc
Logistic Regression,Full History,Full,0.583,0.5919
Logistic Regression,Full History,Baseline,0.5773,0.5923
Logistic Regression,Recent Era,Full,0.5773,0.591
Logistic Regression,Recent Era,Baseline,0.5808,0.5911
Gradient Boosting,Full History,Full,0.5801,0.6003
Gradient Boosting,Full History,Baseline,0.5794,0.5864
Gradient Boosting,Recent Era,Full,0.5851,0.5901
Gradient Boosting,Recent Era,Baseline,0.6001,0.5987
KNN,Full History,Full,0.5079,0.5103
KNN,Full History,Baseline,0.505,0.5072
KNN,Recent Era,Full,0.4979,0.499
KNN,Recent Era,Baseline,0.5007,0.5048
